Portuguese Comment,Translated Comment,Sentiment Score
"Dia 12 tÃ¡ pÃ©ssimo, quando anunciam algo? SenÃ£o mais vale tornarem show solo da dua lipa","Day 12 is terrible, when do you announce something?Otherwise it is worth making a solo show of dua lipa",-0.35
Onde estÃ£o os artistas tugas? TÃ¡ muito fraco ğŸ˜’,Where are the tugas artists?It's very weak ğŸ˜’,-0.48750000000000004
I'm looking for two three-day passes,I'm Looking For Two Three-Day Passes,0.0
Talvez o pior cartaz de sempre,Maybe the worst poster ever,-1.0
"eish, nÃ£o gostaram dos comentÃ¡rios negativos do outro post?","Eish, didn't you like the negative comments from the other post?",-0.2125
A Tyla cancelou toda a tour. VÃ£o devolver o dinheiro se o substituto nÃ£o interessar?,Tyla canceled the whole tour.Are they going to return the money if the substitute does not interest?,0.2
Quando meterem o post com o cartaz a sÃ©rio nÃ£o se esqueÃ§am de apagar este outra vez,When they get the post with the poster seriously don't forget to erase this again,-0.3333333333333333
Quando anunciam o restante cartaz do palco NOS para o dia 12?,When do they announce the remaining stage poster for the 12th?,0.0
"Many more to be announced there is still hope, guys!! ğŸ¤","Many more to be Anniedd There is Still Hope, Guys !!ğŸ¤",0.640625
Estou Ã  espera de @foofighters e de @greenday para este cartaz !!!,I am waiting for @foofighters and @greenday for this poster !!!,0.0
"Vou ao @nos_alive desde a 2a ediÃ§Ã£o, e de facto sempre tiverem alguns dos melhores cartazes de todos os festivais. Mas este ano Ã© de longe o pior cartaz que jÃ¡ apresentaram, nÃ£o dÃ¡ sequer para justificar pagar 190â‚¬ por 3 dias, quando tinham cartazes mais fortes com passes a 90â‚¬. Meterem Tyla no palco principal nem faz sentido, uma artista com um hit viral, que nem um Ã¡lbum tem editado, nem teve tempo para provar ser merecedora de partilhar um main stage como headlinerâ€¦ enfim, fico mesmo desapontado com estas escolhas. Felizmente temos o @meokalorama atualmente a fazer a diferenÃ§a nos cartazes e a um preÃ§o muito mais honesto para o que oferecem, algo que o Alive jÃ¡ fez no passado mas pelo qual perdeu o interesse.","I have been going to @nos_alive since the 2nd edition, and in fact they always have some of the best posters of all festivals.But this year is by far the worst poster they have ever presented, it is not even to justify paying 190 â‚¬ for 3 days, when they had stronger passes with passes at 90 â‚¬.Met Tyla on the main stage doesn't even make sense, an artist with a viral hit, who neither an album has edited, didn't even have time to prove to be deserving a main stage as a headlinerâ€¦ Anyway, I'm really disappointed with these choices.Fortunately we have @meokalorama currently making a difference in the posters and at a much more honest price for what they offer, something Alive has done in the past but for which he has lost interest.",0.09487179487179488
Anunciem lÃ¡ os @bringmethehorizon !,Announce the @bringmethehorizon!,0.0
"Eu gostava de ter bilhete para o dia 13. Mas anyway, acho que vou morrer sem ver a minha banda favorita @ricardo.mso.henriques","I liked to have a ticket for the 13th. But Anyway, I think I'm going to die without seeing my favorite band @ricardo.mso.henriques",0.3666666666666667
@avrillavigne dia 12?,@avrillavigne day 12?,0.0
"Honestly sÃ³ comprei o bilhete pela Dua Lipa, mas cmon guys que cartaz Ã© este este ano :/","HONESTLY I just bought the ticket for Dua Lipa, but Cmon Guys that poster is this year:/",0.6
Andam a apagar os comentÃ¡rios negativos e bloquear os fÃ£s do evento que inclusive jÃ¡ atÃ© pagaram o ingresso. Que feio em @nos_alive .,They are erasing the negative comments and blocking the events of the event that even paid the ticket.What ugly in @nos_alive.,-0.5
"Pls bring The Killers, they are performing in Madcool in Madrid the same days, so they are close to Lisbon to come. Talk to them!!! ğŸ˜­ğŸ¥°ğŸ¤˜ğŸ½","PLS BRING THE KILLERS, THEY ARE PERFORMING IN MADCOOL IN MADRID THE SAME DAYS, SO THEY ARE CLOSE TO LISBON TO COMM.TALK TO THEM !!!ğŸ˜­ğŸ¥°ğŸ¤˜ğŸ½",0.0
"Este dia 13 apesar de ter Pearl Jam como grandissimo nome claro, de resto continua muito fraquinho...","This day 13 despite having Pearl Jam as a big name of course, otherwise it remains very weak ...",-0.24375000000000002
Quando confirmam os Foo Fighters?,When do they confirm the Foo Fighters?,0.0
aurora â¤,Aurora â¤,0.0
Falta Future Islands no sÃ¡bado!,Future Islands missing on Saturday!,-0.125
Fraco! TÃ£o ruim quanto o Rock in Rio! Paredes de Coura e Kalorama estÃ£o muito melhores!,Weak!As bad as rock in rio!Coura and Kalorama walls are much better!,-0.03749999999999992
Imaginem a dua lipa dividir o palco com trex e tyla???ğŸ’€ğŸ’€ğŸ˜­,Imagine the lipa sharing the stage with Trex and Tyla ??? ğŸ’€ğŸ’€ğŸ˜­,0.0
Eu gostava de ter 2 bilhetes para o dia 13,I liked to have 2 tickets for the 13th,0.3
Tudo bem que water foi hit mas assim a Tyla nÃ£o tem nem Ã¡lbum lanÃ§ado e vai para o palco NOS? Anunciem logo outro headliner pro dia 12,It's okay that Water was hit but so Tyla has no album released and goes to the NOS stage?Announce another headliner pro day 12,0.5
quando anunciam a @charli_xcx para dia 12????,When they announce @chachali_xcx for day 12 ????,0.0
"NÃ£o adianta demonstrar insatisfaÃ§Ã£o e fazer comentÃ¡rios negativos, pois a @nos_alive estÃ¡ ocultando/bloqueando quem os faz aqui nos comentÃ¡rios... realmente muito feio isto!","No use demonstrating dissatisfaction and making negative comments, because @nos_alive is hiding/blocking who makes them here in the comments ... Really very ugly this!",-0.65
A aguardar confirmaÃ§Ã£o para Renee Rapp!,Awaiting confirmation for Renee Rapp!,0.0
Melhor cartaz sempre! (menos de 2024 que estÃ¡ muito fraquinho) ğŸ˜‚,Best poster always!(less than 2024 that is very weak) ğŸ˜‚,0.25625
"Dia 12 e de chorar, meu Deus ,pessimo cast nesse dia","Day 12 and crying, my God, Pessimo Cast on that day",-0.2
To aguardando @bringmethehorizon â¤ï¸,I'm waiting @bingmethehorizon â¤ï¸,0.0
Pearl Jam â¤ï¸,Pearl Jam â¤ï¸,0.0
Queremos Charli XCX dia 12ğŸ‘€,We want Charli XCX day 12ğŸ‘€,0.0
"Mudem o slogan para o pior cartaz de sempre. O dia 12 entÃ£o Ã© assustador, tÃ£o mau tÃ£o mau que chega a ser embaraÃ§oso e uma afronta para quem como eu comprou o passe de 3 dias","Change the slogan to the worst poster ever.The 12th then is scary, so bad so bad that it is embarrassing and an affront to whom like me bought the 3 day pass",-0.7249999999999999
Mais bilhetes para o dia 13 ğŸ˜­ğŸ˜­ğŸ˜­ğŸ˜­ğŸ˜­ğŸ˜­,More tickets for the 13th ğŸ˜­ğŸ˜­ğŸ˜­ğŸ˜­ğŸ˜­ğŸ˜­,0.25
Pior cartaz de sempre ğŸ˜¢ que desilusÃ£o. O cartaz do @superbocksuperrock estÃ¡ muito mas muito melhor,Worst poster ever ğŸ˜¢ than disappointment.The @superbocksuperrock poster is much but much better,-0.10000000000000002
"Realmente Water bombou, mas ao ponto de meter Tyla como um dos destaques da ediÃ§Ã£oâ€¦ ğŸ˜¶â€ğŸŒ«ï¸","Really Water pumped, but to the point of putting Tyla as one of the highlights of the editionâ€¦ ğŸ˜¶â€ğŸŒ«ï¸",0.2
#UMALIVEQUEJÃNÃƒOÃ‰ALIVE,#UmlivequejÃ¡,0.0
More tickets,More Tickets,0.5
ğŸ˜ğŸ˜ğŸ˜ğŸ˜ğŸ˜,ğŸ˜ğŸ˜ğŸ˜ğŸ˜ğŸ˜,0.0
Melhor cartaz de sempre?!?! Q mentira. EstÃ¡ pÃ©ssimo!,Best poster ever?!?!The lie.It's terrible!,0.0
"The 12, nos stage needs some rock","The 12, at the Stage Needs Some Rock",0.0
dia 12 estÃ¡ deprimente,Day 12 is depressing,-0.6
Greta VF ğŸ™ğŸ¼!!!!,Greta vf ğŸ™ğŸ¼ !!!!,0.0
ğŸ’©ğŸ’©ğŸ’©ğŸ’©ğŸ’©,ğŸ’©ğŸ’©ğŸ’©ğŸ’©ğŸ’©,0.0
"Compro bilhetes para dia 13, dm","Buy tickets for the 13th, dm",0.0
Ã‰ mesmo isso... em contagem decrescente.âš¡ï¸ğŸ¤ğŸ¶,That's it ... in decreasing count.âš¡ï¸ğŸ¤ğŸ¶,0.0
Que cartaz terrivel...pagar 80 euros por isto...,What a terrible poster ... pay 80 euros for this ...,-1.0
ğŸ”¥ğŸ”¥ğŸ”¥ğŸ”¥,ğŸ”¥ğŸ”¥ğŸ”¥ğŸ”¥,0.0
â€œHaaaa esse ano estÃ¡ pÃ©ssimoâ€ entÃ£o nÃ£o vai p0rr@ ğŸ™„,â€œHaaaa this year is terribleâ€ so it won't go p0rr@ ğŸ™„,-1.0
"Dia 13, gosto daquela banda, os Many more to announced, muito bom... JÃ¡ estÃ¡ esgotado, fechou a loja","Day 13, I like that band, the Many More to Announced, very good ... It's already sold out, closed the store",0.45249999999999996
SÃ³ este e o pop in rio. Que coisa miserÃ¡vel.,Only this is the pop in rio.What a miserable thing.,-0.5
CadÃª mais ingresso do Pearl Jam?,Where's more Pearl Jam ticket?,0.5
"Madcool com garbage, the killers e tanta coisa... aqui bastou pj, esgotou e fechou a loja","Madcool with Garbage, The Killers and so much ... Here it was PJ, sold out and closed the store",0.05
@gretavanfleet pls,@gretavanfleet pls,0.0
Pra mim so sum 41 vale a pena ver :/ poderia ter mais coisa boa no dia 13,For me only sum 41 is worth seeing:/ could have more good thing on the 13th,0.3
Mais bilhetes para os Pearl Jam!!,More tickets for Pearl Jam !!,0.78125
Quando Ã© que os bilhetes para esta gesta vao estar disponÃ­veis para levantar no posto de turismo?,When will the tickets be available to be available to get up at the tour?,0.4
o cartaz mais podre que jÃ¡ vi,The most rotten poster I've ever seen,0.5
"Se adicionarem Soccer Mommy, Dj Koze e/ou Alvvays ao dia 11 (todos estÃ£o no mad cool) nÃ£o procrastino mais a compra do meu bilhete diÃ¡rio.","If you add soccer mommy, DJ Koze and/or Alvvays to the 11th (everyone is in Mad Cool) no longer procrastinates the purchase of my daily ticket.",-0.09166666666666667
q lineup perfeito,Q Perfect Lineup,1.0
Anyone selling 2 tickets for July 11 & 13 ?,Anyone Selling 2 Tickets for July 11 & 13?,0.0
"Bring Purple disco machine, jungle, justice, the kooks...","Bring Purple Disco Machine, Jungle, Justice, The Kooks ...",0.0
"Pior cartaz de sempre, preÃ§o mais caro de sempre.","Worst poster ever, the most expensive price ever.",-0.3333333333333333
@elirato,@elirato,0.0
I'm still looking for tickets for 11 and 13juli.,I'm Still Looking for Tickets for 11 and 13 Juli.,0.0
@andfreire r we going ;),@andfreire R We Going;),0.25
TrÃ¡s o @chaseatlantic,BRING @CHASEATLANTIC,0.0
On July 11 on the tickets page...why is Arcade Fire not pictured as the headliner or even mentioned? Are they no longer scheduled to play?,On July 11 On the Tickets Page ... Why is Arcade Fire Not Pictured As Headliner or Even Mentioned?Are they in the longer Scheduled to Play?,0.0
Oi! TÃ´ querendo dois ingressos pra todos os trÃªs dias. A entrada separada do dia 13 tambÃ©m serve pra gente. ğŸ™ğŸ¼ğŸ™ğŸ¼,Hey!I'm wanting two tickets for all three days.The separate entrance from the 13th also fits us.ğŸ™ğŸ¼ğŸ™ğŸ¼,0.0
Is this it? There has to be more nos stage acts,Is this it?There has to be more at stage acts,0.5
"Not 1 positive comment and deservedly soâ€¦.. apart from Pearl jam the Nos stage is really weak. Shit pop, washed up pop, and has been cock rock. Iâ€™ll be in the Heineken Stage for most of the festival and definitely elsewhere next year!!!","Not 1 positive comment and deservedly soâ€¦ .. apart from pearl jam the stage is really weak.Shit pop, Washed Up Pop, and has Been Cock Rock.I'LL BE IN THE HEINEKEN STAGE FOR MOST OF THE FESTIVAL AND DEFINELY ELSEWHERE NEXT YEAR !!!",0.1465909090909091
"Dia 13 sÃ³ pearl jam, que o resto ğŸ‘ğŸ‘ğŸ‘ğŸ‘ğŸ‘ğŸ‘ğŸ‘ nem conheÃ§o , muito fraquinho","Day 13 only Pearl Jam, that the rest ğŸ‘ğŸ‘ğŸ‘ğŸ‘ğŸ‘ğŸ‘ğŸ‘ I don't even know, very weak",-0.24375000000000002
"EntÃ£o, mas... E o resto do cartaz para dia 13? Ã‰ isto? ğŸ¤”","So, but ... And the rest of the poster for the 13th?This is it?ğŸ¤”",0.0
When is the full lineup going to be out?,When is the Full Lineup Going to Be Out?,0.35
Onde posso adquirir um bilhete de 3 dias? Existe alguma lista para as desistÃªncias e devoluÃ§Ãµes de bilhetes?,Where can I purchase a 3 -day ticket?Is there any list for tickets and tickets of tickets?,0.0
SÃ³ faltava aqui um @noahkahanmusic ğŸ™ŒğŸ¾,Just missing here a @noahkahanmusic ğŸ™ŒğŸ¾,-0.2
NÃ£o podiam juntar os Pearl Jam com os Smashing pumpkins os Arcade fire e a Dua Lipa num sÃ³? Isso Ã© que era!ğŸ˜Š,Could they not join the Pearl Jam with the Smashing Pumpkins the Arcade Fire and Dua Lipa in one?That's what it was! ğŸ˜Š,0.0
Pearl Jam â™¥ï¸â™¥ï¸,Pearl Jam â™¥ ï¸ â™¥ ï¸,1.0
Busco 2 abonos!,I seek 2 allowances!,0.0
cadÃª a avril lavigne?,Where's Avril Lavigne?,0.0
@everythingisnewpt OlÃ¡! HaverÃ¡ revenda de bilhetes dia 13?,@everythigisNEWPT Hello!Will there be ticket resale on the 13th?,0.0
Anyone needs ti.xxxğŸŸï¸,Anyone Needs Ti.xxxğŸŸï¸,0.0
That's it?,That's it?,0.0
