Tipo de Bilhete,Preço
Fã Pack FNAC,119
Bilhete Diário,72
Bilhete Diário,72
Bilhete Diário,72
Bilhete Diário,72
Passe Sem Camping,154
Passe Com Camping,164
Golden Circle Diário,154
Golden Circle Diário,154
Golden Circle Diário,154
Golden Circle Diário,154
Golden Circle Passe Com Camping,279
Golden Circle Passe Com Camping,279
Golden Circle Passe Com Camping,279
Golden Circle Passe Com Camping,279
Noite Camping,14
Noite Camping,14
Noite Camping,14
Noite Camping,14
Two Days Pass,144
